code,plot,year,species,#adults,#saplings,#seedlings
1,CM1,2007,Cistus libanotis,8,21,NA
2,CM1,2007,Halimium commutatum,3,1,NA
3,CM1,2007,Halimium halimifolium,4,2,NA
4,CM1,2007,Helichrysum picardii,3,1,NA
5,CM1,2007,Juniperus phoenicea,0,0,NA
6,CM1,2007,Lavandula stoechas,16,30,NA
7,CM1,2007,Rosmarinus officinalis,7,1,NA
8,CM1,2007,Stauracanthus genistoides,0,0,NA
9,CM1,2007,Thymus mastichina,1,10,NA
10,CM1,2007,Ulex australis,1,0,NA
11,CM2,2007,Cistus libanotis,9,44,NA
12,CM2,2007,Halimium commutatum,8,3,NA
13,CM2,2007,Halimium halimifolium,9,6,NA
14,CM2,2007,Helichrysum picardii,3,0,NA
15,CM2,2007,Juniperus phoenicea,0,2,NA
16,CM2,2007,Lavandula stoechas,10,3,NA
17,CM2,2007,Rosmarinus officinalis,3,4,NA
18,CM2,2007,Stauracanthus genistoides,1,0,NA
19,CM2,2007,Thymus mastichina,2,8,NA
20,CM2,2007,Ulex australis,1,0,NA
21,CM3,2007,Cistus libanotis,36,9,NA
22,CM3,2007,Halimium commutatum,10, ,NA
23,CM3,2007,Halimium halimifolium,28,2,NA
24,CM3,2007,Helichrysum picardii,1, ,NA
25,CM3,2007,Juniperus phoenicea,0,0,NA
26,CM3,2007,Lavandula stoechas,13,14,NA
27,CM3,2007,Rosmarinus officinalis,16,1,NA
28,CM3,2007,Stauracanthus genistoides,0,1,NA
29,CM3,2007,Thymus mastichina,0, ,NA
30,CM3,2007,Ulex australis,5,4,NA
31,CM4,2007,Cistus libanotis,3,18,NA
32,CM4,2007,Halimium commutatum,21,66,NA
33,CM4,2007,Halimium halimifolium,45,33,NA
34,CM4,2007,Helichrysum picardii,1,2,NA
35,CM4,2007,Juniperus phoenicea,0,0,NA
36,CM4,2007,Lavandula stoechas,47,110,NA
37,CM4,2007,Rosmarinus officinalis,10,43,NA
38,CM4,2007,Stauracanthus genistoides,16,3,NA
39,CM4,2007,Thymus mastichina,2,44,NA
40,CM4,2007,Ulex australis,15,4,NA
41,CM5,2007,Cistus libanotis,33,47,NA
42,CM5,2007,Halimium commutatum,10,7,NA
43,CM5,2007,Halimium halimifolium,74,17,NA
44,CM5,2007,Helichrysum picardii,1,0,NA
45,CM5,2007,Juniperus phoenicea,0,0,NA
46,CM5,2007,Lavandula stoechas,58,87,NA
47,CM5,2007,Rosmarinus officinalis,5,8,NA
48,CM5,2007,Stauracanthus genistoides,2,3,NA
49,CM5,2007,Thymus mastichina,15,30,NA
50,CM5,2007,Ulex australis,11,4,NA
51,CM6,2007,Cistus libanotis,13,26,NA
52,CM6,2007,Halimium commutatum,11,5,NA
53,CM6,2007,Halimium halimifolium,18,7,NA
54,CM6,2007,Helichrysum picardii,2,0,NA
55,CM6,2007,Juniperus phoenicea,1, ,NA
56,CM6,2007,Lavandula stoechas,37,118,NA
57,CM6,2007,Rosmarinus officinalis,12,13,NA
58,CM6,2007,Stauracanthus genistoides,6,1,NA
59,CM6,2007,Thymus mastichina,0,21,NA
60,CM6,2007,Ulex australis,1,0,NA
61,MM1,2007,Cistus libanotis,22,105,NA
62,MM1,2007,Halimium commutatum,4,16,NA
63,MM1,2007,Halimium halimifolium,6,3,NA
64,MM1,2007,Helichrysum picardii,3,3,NA
65,MM1,2007,Juniperus phoenicea,1,0,NA
66,MM1,2007,Lavandula stoechas,4,32,NA
67,MM1,2007,Rosmarinus officinalis,0,5,NA
68,MM1,2007,Stauracanthus genistoides,0,0,NA
69,MM1,2007,Thymus mastichina,0,1,NA
70,MM1,2007,Ulex australis,0,0,NA
71,MM2,2007,Cistus libanotis,7,28,NA
72,MM2,2007,Halimium commutatum,19,21,NA
73,MM2,2007,Halimium halimifolium,34,8,NA
74,MM2,2007,Helichrysum picardii,5,4,NA
75,MM2,2007,Juniperus phoenicea,0,0,NA
76,MM2,2007,Lavandula stoechas,0,14,NA
77,MM2,2007,Rosmarinus officinalis,3,18,NA
78,MM2,2007,Stauracanthus genistoides,1,3,NA
79,MM2,2007,Thymus mastichina,2,4,NA
80,MM2,2007,Ulex australis,0,0,NA
81,MM3,2007,Cistus libanotis,2,44,NA
82,MM3,2007,Halimium commutatum,38,253,NA
83,MM3,2007,Halimium halimifolium,15,21,NA
84,MM3,2007,Helichrysum picardii,3,59,NA
85,MM3,2007,Juniperus phoenicea,2,0,NA
86,MM3,2007,Lavandula stoechas,0,3,NA
87,MM3,2007,Rosmarinus officinalis,9,18,NA
88,MM3,2007,Stauracanthus genistoides,0,0,NA
89,MM3,2007,Thymus mastichina,0,0,NA
90,MM3,2007,Ulex australis,0,0,NA
91,MM4,2007,Cistus libanotis,2,1,NA
92,MM4,2007,Halimium commutatum,26,19,NA
93,MM4,2007,Halimium halimifolium,56,0,NA
94,MM4,2007,Helichrysum picardii,0,0,NA
95,MM4,2007,Juniperus phoenicea,1,1,NA
96,MM4,2007,Lavandula stoechas,0,0,NA
97,MM4,2007,Rosmarinus officinalis,5,26,NA
98,MM4,2007,Stauracanthus genistoides,0,0,NA
99,MM4,2007,Thymus mastichina,4,20,NA
100,MM4,2007,Ulex australis,0,0,NA
101,MM5,2007,Cistus libanotis,0,22,NA
102,MM5,2007,Halimium commutatum,11,63,NA
103,MM5,2007,Halimium halimifolium,18,23,NA
104,MM5,2007,Helichrysum picardii,2,0,NA
105,MM5,2007,Juniperus phoenicea,0,0,NA
106,MM5,2007,Lavandula stoechas,15,58,NA
107,MM5,2007,Rosmarinus officinalis,3,93,NA
108,MM5,2007,Stauracanthus genistoides,0,0,NA
109,MM5,2007,Thymus mastichina,3,21,NA
110,MM5,2007,Ulex australis,0,0,NA
111,MM6,2007,Cistus libanotis,3,14,NA
112,MM6,2007,Halimium commutatum,7,48,NA
113,MM6,2007,Halimium halimifolium,10,19,NA
114,MM6,2007,Helichrysum picardii,6,0,NA
115,MM6,2007,Juniperus phoenicea,1,2,NA
116,MM6,2007,Lavandula stoechas,5,32,NA
117,MM6,2007,Rosmarinus officinalis,12,40,NA
118,MM6,2007,Stauracanthus genistoides,0,0,NA
119,MM6,2007,Thymus mastichina,0,5,NA
120,MM6,2007,Ulex australis,3,0,NA
121,OM1,2007,Cistus libanotis,0,19,NA
122,OM1,2007,Halimium commutatum,1,18,NA
123,OM1,2007,Halimium halimifolium,8,14,NA
124,OM1,2007,Helichrysum picardii,2,0,NA
125,OM1,2007,Juniperus phoenicea,1,0,NA
126,OM1,2007,Lavandula stoechas,13,67,NA
127,OM1,2007,Rosmarinus officinalis,2,1,NA
128,OM1,2007,Stauracanthus genistoides,0,0,NA
129,OM1,2007,Thymus mastichina,7,20,NA
130,OM1,2007,Ulex australis,0,0,NA
131,OM2,2007,Cistus libanotis,3,2,NA
132,OM2,2007,Halimium commutatum,14,5,NA
133,OM2,2007,Halimium halimifolium,14,6,NA
134,OM2,2007,Helichrysum picardii,0,0,NA
135,OM2,2007,Juniperus phoenicea,1,0,NA
136,OM2,2007,Lavandula stoechas,14,6,NA
137,OM2,2007,Rosmarinus officinalis,0,0,NA
138,OM2,2007,Stauracanthus genistoides,0,0,NA
139,OM2,2007,Thymus mastichina,2,0,NA
140,OM2,2007,Ulex australis,4,1,NA
141,OM3,2007,Cistus libanotis,2,25,NA
142,OM3,2007,Halimium commutatum,11,9,NA
143,OM3,2007,Halimium halimifolium,17,6,NA
144,OM3,2007,Helichrysum picardii,4,0,NA
145,OM3,2007,Juniperus phoenicea,5,5,NA
146,OM3,2007,Lavandula stoechas,8,5,NA
147,OM3,2007,Rosmarinus officinalis,5,0,NA
148,OM3,2007,Stauracanthus genistoides,0,0,NA
149,OM3,2007,Thymus mastichina,0,0,NA
150,OM3,2007,Ulex australis,9,7,NA
151,OM4,2007,Cistus libanotis,0,17,NA
152,OM4,2007,Halimium commutatum,1,10,NA
153,OM4,2007,Halimium halimifolium,15,13,NA
154,OM4,2007,Helichrysum picardii,0,0,NA
155,OM4,2007,Juniperus phoenicea,2,8,NA
156,OM4,2007,Lavandula stoechas,1,4,NA
157,OM4,2007,Rosmarinus officinalis,0,22,NA
158,OM4,2007,Stauracanthus genistoides,0,0,NA
159,OM4,2007,Thymus mastichina,4,11,NA
160,OM4,2007,Ulex australis,0,0,NA
161,OM5,2007,Cistus libanotis,1,0,NA
162,OM5,2007,Halimium commutatum,8,12,NA
163,OM5,2007,Halimium halimifolium,10,4,NA
164,OM5,2007,Helichrysum picardii,0,0,NA
165,OM5,2007,Juniperus phoenicea,1,1,NA
166,OM5,2007,Lavandula stoechas,15,3,NA
167,OM5,2007,Rosmarinus officinalis,15,11,NA
168,OM5,2007,Stauracanthus genistoides,0,0,NA
169,OM5,2007,Thymus mastichina,0,0,NA
170,OM5,2007,Ulex australis,1,2,NA
171,OM6,2007,Cistus libanotis,7,5,NA
172,OM6,2007,Halimium commutatum,14,4,NA
173,OM6,2007,Halimium halimifolium,9,6,NA
174,OM6,2007,Helichrysum picardii,1,0,NA
175,OM6,2007,Juniperus phoenicea,2,0,NA
176,OM6,2007,Lavandula stoechas,15,18,NA
177,OM6,2007,Rosmarinus officinalis,9,2,NA
178,OM6,2007,Stauracanthus genistoides,0,0,NA
179,OM6,2007,Thymus mastichina,0,2,NA
180,OM6,2007,Ulex australis,5,0,NA
181,CM1,2008,Cistus libanotis,11,15,NA
182,CM1,2008,Halimium commutatum,3,1,NA
183,CM1,2008,Halimium halimifolium,2,4,NA
184,CM1,2008,Helichrysum picardii,2,2,NA
185,CM1,2008,Juniperus phoenicea,0,0,NA
186,CM1,2008,Lavandula stoechas,16,17,NA
187,CM1,2008,Rosmarinus officinalis,6,1,NA
188,CM1,2008,Stauracanthus genistoides,0,0,NA
189,CM1,2008,Thymus mastichina,2,3,NA
190,CM1,2008,Ulex australis,0,0,NA
191,CM2,2008,Cistus libanotis,3,30,NA
192,CM2,2008,Halimium commutatum,8,9,NA
193,CM2,2008,Halimium halimifolium,2,9,NA
194,CM2,2008,Helichrysum picardii,2,0,NA
195,CM2,2008,Juniperus phoenicea,1,2,NA
196,CM2,2008,Lavandula stoechas,8,10,NA
197,CM2,2008,Rosmarinus officinalis,6,10,NA
198,CM2,2008,Stauracanthus genistoides,1,2,NA
199,CM2,2008,Thymus mastichina,2,4,NA
200,CM2,2008,Ulex australis,0,0,NA
201,CM3,2008,Cistus libanotis,40,5,NA
202,CM3,2008,Halimium commutatum,7, ,NA
203,CM3,2008,Halimium halimifolium,24, ,NA
204,CM3,2008,Helichrysum picardii,1, ,NA
205,CM3,2008,Juniperus phoenicea,0,0,NA
206,CM3,2008,Lavandula stoechas,11,12,NA
207,CM3,2008,Rosmarinus officinalis,14,3,NA
208,CM3,2008,Stauracanthus genistoides,1,1,NA
209,CM3,2008,Thymus mastichina,0,1,NA
210,CM3,2008,Ulex australis,4,4,NA
211,CM4,2008,Cistus libanotis, ,4,NA
212,CM4,2008,Halimium commutatum,20,40,NA
213,CM4,2008,Halimium halimifolium,10,35,NA
214,CM4,2008,Helichrysum picardii,1, ,NA
215,CM4,2008,Juniperus phoenicea,0,0,NA
216,CM4,2008,Lavandula stoechas,20,90,NA
217,CM4,2008,Rosmarinus officinalis,2,40,NA
218,CM4,2008,Stauracanthus genistoides,17,11,NA
219,CM4,2008,Thymus mastichina,1,13,NA
220,CM4,2008,Ulex australis,1,1,NA
221,CM5,2008,Cistus libanotis,8,85,NA
222,CM5,2008,Halimium commutatum,3,10,NA
223,CM5,2008,Halimium halimifolium,13,34,NA
224,CM5,2008,Helichrysum picardii,0,0,NA
225,CM5,2008,Juniperus phoenicea,0,0,NA
226,CM5,2008,Lavandula stoechas,12,146,NA
227,CM5,2008,Rosmarinus officinalis,0,4,NA
228,CM5,2008,Stauracanthus genistoides,2, ,NA
229,CM5,2008,Thymus mastichina,0,18,NA
230,CM5,2008,Ulex australis,11,3,NA
231,CM6,2008,Cistus libanotis,14,20,NA
232,CM6,2008,Halimium commutatum,12,9,NA
233,CM6,2008,Halimium halimifolium,14,8,NA
234,CM6,2008,Helichrysum picardii,0,0,NA
235,CM6,2008,Juniperus phoenicea,2,1,NA
236,CM6,2008,Lavandula stoechas,26,127,NA
237,CM6,2008,Rosmarinus officinalis,9,21,NA
238,CM6,2008,Stauracanthus genistoides,8,0,NA
239,CM6,2008,Thymus mastichina,5,18,NA
240,CM6,2008,Ulex australis,0,0,NA
241,MM1,2008,Cistus libanotis,8,91,NA
242,MM1,2008,Halimium commutatum,2,5,NA
243,MM1,2008,Halimium halimifolium,1,7,NA
244,MM1,2008,Helichrysum picardii,2,2,NA
245,MM1,2008,Juniperus phoenicea,1,0,NA
246,MM1,2008,Lavandula stoechas,5,23,NA
247,MM1,2008,Rosmarinus officinalis,0,10,NA
248,MM1,2008,Stauracanthus genistoides,0,0,NA
249,MM1,2008,Thymus mastichina,0,0,NA
250,MM1,2008,Ulex australis,0,0,NA
251,MM2,2008,Cistus libanotis,10,25,NA
252,MM2,2008,Halimium commutatum,21,20,NA
253,MM2,2008,Halimium halimifolium,45,4,NA
254,MM2,2008,Helichrysum picardii,5,7,NA
255,MM2,2008,Juniperus phoenicea,0,1,NA
256,MM2,2008,Lavandula stoechas,1,5,NA
257,MM2,2008,Rosmarinus officinalis,7,24,NA
258,MM2,2008,Stauracanthus genistoides,1,0,NA
259,MM2,2008,Thymus mastichina,2,4,NA
260,MM2,2008,Ulex australis,0,0,NA
261,MM3,2008,Cistus libanotis,0,29,NA
262,MM3,2008,Halimium commutatum,20,84,NA
263,MM3,2008,Halimium halimifolium,17,9,NA
264,MM3,2008,Helichrysum picardii,10,26,NA
265,MM3,2008,Juniperus phoenicea,1,0,NA
266,MM3,2008,Lavandula stoechas,0,0,NA
267,MM3,2008,Rosmarinus officinalis,7,16,NA
268,MM3,2008,Stauracanthus genistoides,0,0,NA
269,MM3,2008,Thymus mastichina,0,0,NA
270,MM3,2008,Ulex australis,0,0,NA
271,MM4,2008,Cistus libanotis,4,5,NA
272,MM4,2008,Halimium commutatum,18,16,NA
273,MM4,2008,Halimium halimifolium,53,1,NA
274,MM4,2008,Helichrysum picardii,0,0,NA
275,MM4,2008,Juniperus phoenicea,0,2,NA
276,MM4,2008,Lavandula stoechas,0,0,NA
277,MM4,2008,Rosmarinus officinalis,5,22,NA
278,MM4,2008,Stauracanthus genistoides,0,0,NA
279,MM4,2008,Thymus mastichina,0,0,NA
280,MM4,2008,Ulex australis,0,0,NA
281,MM5,2008,Cistus libanotis,0,0,NA
282,MM5,2008,Halimium commutatum,3,0,NA
283,MM5,2008,Halimium halimifolium,8,35,NA
284,MM5,2008,Helichrysum picardii,2,1,NA
285,MM5,2008,Juniperus phoenicea,1,0,NA
286,MM5,2008,Lavandula stoechas,8,0,NA
287,MM5,2008,Rosmarinus officinalis,1,0,NA
288,MM5,2008,Stauracanthus genistoides,0,0,NA
289,MM5,2008,Thymus mastichina,8,0,NA
290,MM5,2008,Ulex australis,0,0,NA
291,MM6,2008,Cistus libanotis,4,40,NA
292,MM6,2008,Halimium commutatum,4,20,NA
293,MM6,2008,Halimium halimifolium,9,25,NA
294,MM6,2008,Helichrysum picardii,2,3,NA
295,MM6,2008,Juniperus phoenicea,1,1,NA
296,MM6,2008,Lavandula stoechas,3,32,NA
297,MM6,2008,Rosmarinus officinalis,10,57,NA
298,MM6,2008,Stauracanthus genistoides,0,0,NA
299,MM6,2008,Thymus mastichina,1,0,NA
300,MM6,2008,Ulex australis,3,1,NA
301,OM1,2008,Cistus libanotis,0,18,NA
302,OM1,2008,Halimium commutatum,0,4,NA
303,OM1,2008,Halimium halimifolium,2,19,NA
304,OM1,2008,Helichrysum picardii,2,0,NA
305,OM1,2008,Juniperus phoenicea,1,0,NA
306,OM1,2008,Lavandula stoechas,12,34,NA
307,OM1,2008,Rosmarinus officinalis,1,4,NA
308,OM1,2008,Stauracanthus genistoides,0,0,NA
309,OM1,2008,Thymus mastichina,5,11,NA
310,OM1,2008,Ulex australis,0,0,NA
311,OM2,2008,Cistus libanotis,1,2,NA
312,OM2,2008,Halimium commutatum,11,4,NA
313,OM2,2008,Halimium halimifolium,9,9,NA
314,OM2,2008,Helichrysum picardii,0,0,NA
315,OM2,2008,Juniperus phoenicea,0,0,NA
316,OM2,2008,Lavandula stoechas,18,10,NA
317,OM2,2008,Rosmarinus officinalis,0,0,NA
318,OM2,2008,Stauracanthus genistoides,0,0,NA
319,OM2,2008,Thymus mastichina,3,0,NA
320,OM2,2008,Ulex australis,5,1,NA
321,OM3,2008,Cistus libanotis,1,22,NA
322,OM3,2008,Halimium commutatum,8,4,NA
323,OM3,2008,Halimium halimifolium,10,11,NA
324,OM3,2008,Helichrysum picardii,7,0,NA
325,OM3,2008,Juniperus phoenicea,6,1,NA
326,OM3,2008,Lavandula stoechas,8,8,NA
327,OM3,2008,Rosmarinus officinalis,5,5,NA
328,OM3,2008,Stauracanthus genistoides,0,0,NA
329,OM3,2008,Thymus mastichina,0,0,NA
330,OM3,2008,Ulex australis,6,10,NA
331,OM4,2008,Cistus libanotis,1,24,NA
332,OM4,2008,Halimium commutatum,0,4,NA
333,OM4,2008,Halimium halimifolium,6,2,NA
334,OM4,2008,Helichrysum picardii,0,0,NA
335,OM4,2008,Juniperus phoenicea,3,7,NA
336,OM4,2008,Lavandula stoechas,1,3,NA
337,OM4,2008,Rosmarinus officinalis,0,20,NA
338,OM4,2008,Stauracanthus genistoides,0,0,NA
339,OM4,2008,Thymus mastichina,8,8,NA
340,OM4,2008,Ulex australis,0,0,NA
341,OM5,2008,Cistus libanotis,3,0,NA
342,OM5,2008,Halimium commutatum,6,6,NA
343,OM5,2008,Halimium halimifolium,4,4,NA
344,OM5,2008,Helichrysum picardii,0,0,NA
345,OM5,2008,Juniperus phoenicea,1,1,NA
346,OM5,2008,Lavandula stoechas,13,2,NA
347,OM5,2008,Rosmarinus officinalis,17,13,NA
348,OM5,2008,Stauracanthus genistoides,0,0,NA
349,OM5,2008,Thymus mastichina,0,1,NA
350,OM5,2008,Ulex australis,2,1,NA
351,OM6,2008,Cistus libanotis,0,2,NA
352,OM6,2008,Halimium commutatum,11,7,NA
353,OM6,2008,Halimium halimifolium,10,11,NA
354,OM6,2008,Helichrysum picardii,1,0,NA
355,OM6,2008,Juniperus phoenicea,2,1,NA
356,OM6,2008,Lavandula stoechas,15,24,NA
357,OM6,2008,Rosmarinus officinalis,8,3,NA
358,OM6,2008,Stauracanthus genistoides,0,0,NA
359,OM6,2008,Thymus mastichina,3,0,NA
360,OM6,2008,Ulex australis,4,0,NA
361,CM1,2010,Cistus libanotis,21,4,19
362,CM1,2010,Halimium commutatum,5,1,2
363,CM1,2010,Halimium halimifolium,8,0,4
364,CM1,2010,Helichrysum picardii,5,1,2
365,CM1,2010,Juniperus phoenicea,0,0,0
366,CM1,2010,Lavandula stoechas,23,5,10
367,CM1,2010,Rosmarinus officinalis,8,3,1
368,CM1,2010,Stauracanthus genistoides,1,0,1
369,CM1,2010,Thymus mastichina,2,0,1
370,CM1,2010,Ulex australis,0,0,0
371,CM2,2010,Cistus libanotis,25,2,23
372,CM2,2010,Halimium commutatum,10,0,4
373,CM2,2010,Halimium halimifolium,2,1,2
374,CM2,2010,Helichrysum picardii,1,1,1
375,CM2,2010,Juniperus phoenicea,0,2,0
376,CM2,2010,Lavandula stoechas,3,1,0
377,CM2,2010,Rosmarinus officinalis,14,4,11
378,CM2,2010,Stauracanthus genistoides,1,0,0
379,CM2,2010,Thymus mastichina,2,0,1
380,CM2,2010,Ulex australis,0,0,0
381,CM3,2010,Cistus libanotis,23,0,3
382,CM3,2010,Halimium commutatum,5,0,0
383,CM3,2010,Halimium halimifolium,18,0,1
384,CM3,2010,Helichrysum picardii,1,1,1
385,CM3,2010,Juniperus phoenicea,0,0,0
386,CM3,2010,Lavandula stoechas,8,1,1
387,CM3,2010,Rosmarinus officinalis,16,0,2
388,CM3,2010,Stauracanthus genistoides,2,0,0
389,CM3,2010,Thymus mastichina,0,0,0
390,CM3,2010,Ulex australis,5,1,1
391,CM4,2010,Cistus libanotis,2,0,2
392,CM4,2010,Halimium commutatum,47,8,40
393,CM4,2010,Halimium halimifolium,10,0,6
394,CM4,2010,Helichrysum picardii,1,0,1
395,CM4,2010,Juniperus phoenicea,0,0,0
396,CM4,2010,Lavandula stoechas,31,6,24
397,CM4,2010,Rosmarinus officinalis,9,1,9
398,CM4,2010,Stauracanthus genistoides,14,2,5
399,CM4,2010,Thymus mastichina,2,5,6
400,CM4,2010,Ulex australis,6,3,6
401,CM5,2010,Cistus libanotis,58,0,53
402,CM5,2010,Halimium commutatum,13,1,7
403,CM5,2010,Halimium halimifolium,13,0,9
404,CM5,2010,Helichrysum picardii,0,0,0
405,CM5,2010,Juniperus phoenicea,0,0,0
406,CM5,2010,Lavandula stoechas,58,7,47
407,CM5,2010,Rosmarinus officinalis,11,3,11
408,CM5,2010,Stauracanthus genistoides,0,0,0
409,CM5,2010,Thymus mastichina,3,13,12
410,CM5,2010,Ulex australis,15,11,14
411,CM6,2010,Cistus libanotis,12,1,0
412,CM6,2010,Halimium commutatum,18,0,2
413,CM6,2010,Halimium halimifolium,20,1,10
414,CM6,2010,Helichrysum picardii,0,0,0
415,CM6,2010,Juniperus phoenicea,1,0,0
416,CM6,2010,Lavandula stoechas,68,24,54
417,CM6,2010,Rosmarinus officinalis,17,4,12
418,CM6,2010,Stauracanthus genistoides,8,2,2
419,CM6,2010,Thymus mastichina,8,3,4
420,CM6,2010,Ulex australis,0,0,0
421,MM1,2010,Cistus libanotis,63,27,75
422,MM1,2010,Halimium commutatum,11,0,5
423,MM1,2010,Halimium halimifolium,6,0,1
424,MM1,2010,Helichrysum picardii,4,1,1
425,MM1,2010,Juniperus phoenicea,1,0,0
426,MM1,2010,Lavandula stoechas,4,0,1
427,MM1,2010,Rosmarinus officinalis,9,4,9
428,MM1,2010,Stauracanthus genistoides,0,0,0
429,MM1,2010,Thymus mastichina,0,0,0
430,MM1,2010,Ulex australis,0,0,0
431,MM2,2010,Cistus libanotis,28,5,26
432,MM2,2010,Halimium commutatum,20,4,12
433,MM2,2010,Halimium halimifolium,28,0,0
434,MM2,2010,Helichrysum picardii,6,2,3
435,MM2,2010,Juniperus phoenicea,0,0,0
436,MM2,2010,Lavandula stoechas,5,1,3
437,MM2,2010,Rosmarinus officinalis,7,7,7
438,MM2,2010,Stauracanthus genistoides,1,0,0
439,MM2,2010,Thymus mastichina,2,2,1
440,MM2,2010,Ulex australis,0,0,0
441,MM3,2010,Cistus libanotis,2,2,4
442,MM3,2010,Halimium commutatum,29,6,14
443,MM3,2010,Halimium halimifolium,15,0,2
444,MM3,2010,Helichrysum picardii,16,8,12
445,MM3,2010,Juniperus phoenicea,2,0,0
446,MM3,2010,Lavandula stoechas,0,0,0
447,MM3,2010,Rosmarinus officinalis,10,5,7
448,MM3,2010,Stauracanthus genistoides,0,0,0
449,MM3,2010,Thymus mastichina,0,0,0
450,MM3,2010,Ulex australis,0,0,0
451,MM4,2010,Cistus libanotis,4,1,1
452,MM4,2010,Halimium commutatum,22,5,5
453,MM4,2010,Halimium halimifolium,51,1,0
454,MM4,2010,Helichrysum picardii,0,0,0
455,MM4,2010,Juniperus phoenicea,1,0,0
456,MM4,2010,Lavandula stoechas,0,0,0
457,MM4,2010,Rosmarinus officinalis,9,23,22
458,MM4,2010,Stauracanthus genistoides,0,0,0
459,MM4,2010,Thymus mastichina,0,0,0
460,MM4,2010,Ulex australis,0,0,0
461,MM5,2010,Cistus libanotis,51,11,60
462,MM5,2010,Halimium commutatum,50,13,44
463,MM5,2010,Halimium halimifolium,26,0,13
464,MM5,2010,Helichrysum picardii,0,1,1
465,MM5,2010,Juniperus phoenicea,0,0,0
466,MM5,2010,Lavandula stoechas,32,10,24
467,MM5,2010,Rosmarinus officinalis,51,33,79
468,MM5,2010,Stauracanthus genistoides,0,0,0
469,MM5,2010,Thymus mastichina,4,2,2
470,MM5,2010,Ulex australis,0,1,1
471,MM6,2010,Cistus libanotis,25,17,39
472,MM6,2010,Halimium commutatum,19,26,38
473,MM6,2010,Halimium halimifolium,16,14,21
474,MM6,2010,Helichrysum picardii,5,2,5
475,MM6,2010,Juniperus phoenicea,1,0,0
476,MM6,2010,Lavandula stoechas,15,9,18
477,MM6,2010,Rosmarinus officinalis,32,28,33
478,MM6,2010,Stauracanthus genistoides,0,0,0
479,MM6,2010,Thymus mastichina,0,1,1
480,MM6,2010,Ulex australis,2,1,1
481,OM1,2010,Cistus libanotis,8,4,10
482,OM1,2010,Halimium commutatum,2,2,2
483,OM1,2010,Halimium halimifolium,6,0,0
484,OM1,2010,Helichrysum picardii,1,0,0
485,OM1,2010,Juniperus phoenicea,2,0,0
486,OM1,2010,Lavandula stoechas,10,0,0
487,OM1,2010,Rosmarinus officinalis,4,0,1
488,OM1,2010,Stauracanthus genistoides,0,0,0
489,OM1,2010,Thymus mastichina,0,0,0
490,OM1,2010,Ulex australis,0,0,0
491,OM2,2010,Cistus libanotis,2,0,2
492,OM2,2010,Halimium commutatum,15,0,2
493,OM2,2010,Halimium halimifolium,10,0,6
494,OM2,2010,Helichrysum picardii,0,0,0
495,OM2,2010,Juniperus phoenicea,1,0,0
496,OM2,2010,Lavandula stoechas,18,1,2
497,OM2,2010,Rosmarinus officinalis,1,0,0
498,OM2,2010,Stauracanthus genistoides,0,0,0
499,OM2,2010,Thymus mastichina,0,0,0
500,OM2,2010,Ulex australis,6,1,1
501,OM3,2010,Cistus libanotis,18,2,16
502,OM3,2010,Halimium commutatum,10,0,3
503,OM3,2010,Halimium halimifolium,18,2,7
504,OM3,2010,Helichrysum picardii,4,0,0
505,OM3,2010,Juniperus phoenicea,9,3,2
506,OM3,2010,Lavandula stoechas,16,1,0
507,OM3,2010,Rosmarinus officinalis,8,2,4
508,OM3,2010,Stauracanthus genistoides,0,1,1
509,OM3,2010,Thymus mastichina,0,0,0
510,OM3,2010,Ulex australis,10,1,4
511,OM4,2010,Cistus libanotis,31,8,33
512,OM4,2010,Halimium commutatum,4,2,4
513,OM4,2010,Halimium halimifolium,9,0,1
514,OM4,2010,Helichrysum picardii,0,0,0
515,OM4,2010,Juniperus phoenicea,4,2,1
516,OM4,2010,Lavandula stoechas,5,0,0
517,OM4,2010,Rosmarinus officinalis,14,5,14
518,OM4,2010,Stauracanthus genistoides,0,0,0
519,OM4,2010,Thymus mastichina,0,0,0
520,OM4,2010,Ulex australis,0,0,0
521,OM5,2010,Cistus libanotis,17,0,0
522,OM5,2010,Halimium commutatum,16,1,0
523,OM5,2010,Halimium halimifolium,3,0,1
524,OM5,2010,Helichrysum picardii,0,0,0
525,OM5,2010,Juniperus phoenicea,1,1,1
526,OM5,2010,Lavandula stoechas,15,1,0
527,OM5,2010,Rosmarinus officinalis,17,0,2
528,OM5,2010,Stauracanthus genistoides,0,0,0
529,OM5,2010,Thymus mastichina,0,0,0
530,OM5,2010,Ulex australis,2,0,0
531,OM6,2010,Cistus libanotis,10,0,0
532,OM6,2010,Halimium commutatum,11,0,0
533,OM6,2010,Halimium halimifolium,8,0,3
534,OM6,2010,Helichrysum picardii,0,0,0
535,OM6,2010,Juniperus phoenicea,2,0,0
536,OM6,2010,Lavandula stoechas,19,1,0
537,OM6,2010,Rosmarinus officinalis,6,0,1
538,OM6,2010,Stauracanthus genistoides,0,0,0
539,OM6,2010,Thymus mastichina,0,0,0
540,OM6,2010,Ulex australis,4,1,0
541,CM1,2013,Cistus libanotis,13,1,23
542,CM1,2013,Halimium commutatum,5, ,1
543,CM1,2013,Halimium halimifolium,6,0,14
544,CM1,2013,Helichrysum picardii,3,2,9
545,CM1,2013,Juniperus phoenicea,0,0,0
546,CM1,2013,Lavandula stoechas,21,0,64
547,CM1,2013,Rosmarinus officinalis,8,1,0
548,CM1,2013,Stauracanthus genistoides,0,0,0
549,CM1,2013,Thymus mastichina,4,2,0
550,CM1,2013,Ulex australis,0,0,0
551,CM2,2013,Cistus libanotis,6,0,16
552,CM2,2013,Halimium commutatum,6,0,0
553,CM2,2013,Halimium halimifolium,16,0,21
554,CM2,2013,Helichrysum picardii,2,0,0
555,CM2,2013,Juniperus phoenicea,1,0,0
556,CM2,2013,Lavandula stoechas,2,0,24
557,CM2,2013,Rosmarinus officinalis,5,4,1
558,CM2,2013,Stauracanthus genistoides,0,0,1
559,CM2,2013,Thymus mastichina,3,0,1
560,CM2,2013,Ulex australis,0,0,0
561,CM3,2013,Cistus libanotis,12,0,111
562,CM3,2013,Halimium commutatum,4,1,16
563,CM3,2013,Halimium halimifolium,16,0,259
564,CM3,2013,Helichrysum picardii,1,1,0
565,CM3,2013,Juniperus phoenicea,0,0,2
566,CM3,2013,Lavandula stoechas,4,0,64
567,CM3,2013,Rosmarinus officinalis,16,1,21
568,CM3,2013,Stauracanthus genistoides,2,1,0
569,CM3,2013,Thymus mastichina,0,0,0
570,CM3,2013,Ulex australis,3,1,10
571,CM4,2013,Cistus libanotis,0,0,6
572,CM4,2013,Halimium commutatum,4,0,11
573,CM4,2013,Halimium halimifolium,2,1,41
574,CM4,2013,Helichrysum picardii,0,0,0
575,CM4,2013,Juniperus phoenicea,0,0,0
576,CM4,2013,Lavandula stoechas,5,0,5
577,CM4,2013,Rosmarinus officinalis,2,0,0
578,CM4,2013,Stauracanthus genistoides,13,1,1
579,CM4,2013,Thymus mastichina,1,0,1
580,CM4,2013,Ulex australis,4,0,0
581,CM5,2013,Cistus libanotis,10,1,49
582,CM5,2013,Halimium commutatum,0,0,3
583,CM5,2013,Halimium halimifolium,5,0,114
584,CM5,2013,Helichrysum picardii,0,0,0
585,CM5,2013,Juniperus phoenicea, ,0,0
586,CM5,2013,Lavandula stoechas,4,1,92
587,CM5,2013,Rosmarinus officinalis,1,0,0
588,CM5,2013,Stauracanthus genistoides,2,0,0
589,CM5,2013,Thymus mastichina,0,0,24
590,CM5,2013,Ulex australis,13,0,26
591,CM6,2013,Cistus libanotis,11,8,113
592,CM6,2013,Halimium commutatum,6,1,8
593,CM6,2013,Halimium halimifolium,10,0,79
594,CM6,2013,Helichrysum picardii,0,0,1
595,CM6,2013,Juniperus phoenicea,1,1,1
596,CM6,2013,Lavandula stoechas,42,4,127
597,CM6,2013,Rosmarinus officinalis,20,2,0
598,CM6,2013,Stauracanthus genistoides,10,1,21
599,CM6,2013,Thymus mastichina,10,6,3
600,CM6,2013,Ulex australis,1,0,0
601,MM1,2013,Cistus libanotis,29,1,63
602,MM1,2013,Halimium commutatum,2,0,0
603,MM1,2013,Halimium halimifolium,2,0,7
604,MM1,2013,Helichrysum picardii,3,0,36
605,MM1,2013,Juniperus phoenicea,1,0,0
606,MM1,2013,Lavandula stoechas,3,0,12
607,MM1,2013,Rosmarinus officinalis,10,3,2
608,MM1,2013,Stauracanthus genistoides,0,0,0
609,MM1,2013,Thymus mastichina,0,0,0
610,MM1,2013,Ulex australis,0,0,0
611,MM2,2013,Cistus libanotis,26,0,2
612,MM2,2013,Halimium commutatum,1,1,10
613,MM2,2013,Halimium halimifolium,23,0,6
614,MM2,2013,Helichrysum picardii,7,0,11
615,MM2,2013,Juniperus phoenicea,0,0,0
616,MM2,2013,Lavandula stoechas,3,0,1
617,MM2,2013,Rosmarinus officinalis,5,4,1
618,MM2,2013,Stauracanthus genistoides,1,0,2
619,MM2,2013,Thymus mastichina,3,1,0
620,MM2,2013,Ulex australis,0,0,0
621,MM3,2013,Cistus libanotis,2,2,21
622,MM3,2013,Halimium commutatum,22,2,40
623,MM3,2013,Halimium halimifolium,13,2,41
624,MM3,2013,Helichrysum picardii,22,6,169
625,MM3,2013,Juniperus phoenicea,1,0,5
626,MM3,2013,Lavandula stoechas,0,0,11
627,MM3,2013,Rosmarinus officinalis,10,1,0
628,MM3,2013,Stauracanthus genistoides,0,0,0
629,MM3,2013,Thymus mastichina,0,0,1
630,MM3,2013,Ulex australis,0,0,0
631,MM4,2013,Cistus libanotis,5,3,4
632,MM4,2013,Halimium commutatum,22,7,2
633,MM4,2013,Halimium halimifolium,33,0,5
634,MM4,2013,Helichrysum picardii,0,0,0
635,MM4,2013,Juniperus phoenicea,1,0,6
636,MM4,2013,Lavandula stoechas,0,0,0
637,MM4,2013,Rosmarinus officinalis,13,0,1
638,MM4,2013,Stauracanthus genistoides,0,0,0
639,MM4,2013,Thymus mastichina,0,0,0
640,MM4,2013,Ulex australis,0,0,0
641,MM5,2013,Cistus libanotis,11,4,24
642,MM5,2013,Halimium commutatum,8,0,17
643,MM5,2013,Halimium halimifolium,12,0,13
644,MM5,2013,Helichrysum picardii,1,0,0
645,MM5,2013,Juniperus phoenicea,0,0,0
646,MM5,2013,Lavandula stoechas,7,2,13
647,MM5,2013,Rosmarinus officinalis,60,12,3
648,MM5,2013,Stauracanthus genistoides,0,0,0
649,MM5,2013,Thymus mastichina,3,1,0
650,MM5,2013,Ulex australis,1,0,2
651,MM6,2013,Cistus libanotis,23,16,12
652,MM6,2013,Halimium commutatum,14,1,8
653,MM6,2013,Halimium halimifolium,10,2,13
654,MM6,2013,Helichrysum picardii,9,5,13
655,MM6,2013,Juniperus phoenicea,1,1,0
656,MM6,2013,Lavandula stoechas,6,3,6
657,MM6,2013,Rosmarinus officinalis,35,13,2
658,MM6,2013,Stauracanthus genistoides,0,0,0
659,MM6,2013,Thymus mastichina,1,1,0
660,MM6,2013,Ulex australis,2,0,2
661,OM1,2013,Cistus libanotis,10,3,5
662,OM1,2013,Halimium commutatum,3,1,3
663,OM1,2013,Halimium halimifolium,3,0,2
664,OM1,2013,Helichrysum picardii,1,0,0
665,OM1,2013,Juniperus phoenicea,1,0,2
666,OM1,2013,Lavandula stoechas,4,2,34
667,OM1,2013,Rosmarinus officinalis,3,1,1
668,OM1,2013,Stauracanthus genistoides,0,0,0
669,OM1,2013,Thymus mastichina,6,0,3
670,OM1,2013,Ulex australis,0,0,0
671,OM2,2013,Cistus libanotis,3,4,1
672,OM2,2013,Halimium commutatum,19,1,5
673,OM2,2013,Halimium halimifolium,11,1,2
674,OM2,2013,Helichrysum picardii,0,0,0
675,OM2,2013,Juniperus phoenicea,2,1,0
676,OM2,2013,Lavandula stoechas,22,1,2
677,OM2,2013,Rosmarinus officinalis,0,0,0
678,OM2,2013,Stauracanthus genistoides,0,0,0
679,OM2,2013,Thymus mastichina,2,1,0
680,OM2,2013,Ulex australis,5,5,3
681,OM3,2013,Cistus libanotis,14,2,0
682,OM3,2013,Halimium commutatum,5,2,1
683,OM3,2013,Halimium halimifolium,11,1,0
684,OM3,2013,Helichrysum picardii,3,0,0
685,OM3,2013,Juniperus phoenicea,6,0,1
686,OM3,2013,Lavandula stoechas,14,0,10
687,OM3,2013,Rosmarinus officinalis,9,1,0
688,OM3,2013,Stauracanthus genistoides,0,1,0
689,OM3,2013,Thymus mastichina,0,0,0
690,OM3,2013,Ulex australis,5,0,0
691,OM4,2013,Cistus libanotis,29,0,1
692,OM4,2013,Halimium commutatum,6,2,5
693,OM4,2013,Halimium halimifolium,5,0,2
694,OM4,2013,Helichrysum picardii,0,0,0
695,OM4,2013,Juniperus phoenicea,3,5,0
696,OM4,2013,Lavandula stoechas,0,0,10
697,OM4,2013,Rosmarinus officinalis,16,0,0
698,OM4,2013,Stauracanthus genistoides,0,0,0
699,OM4,2013,Thymus mastichina,4,0,0
700,OM4,2013,Ulex australis,0,0,0
701,OM5,2013,Cistus libanotis,3,0,1
702,OM5,2013,Halimium commutatum,9,0,0
703,OM5,2013,Halimium halimifolium,5,0,0
704,OM5,2013,Helichrysum picardii,0,0,0
705,OM5,2013,Juniperus phoenicea,1,0,0
706,OM5,2013,Lavandula stoechas,9,0,2
707,OM5,2013,Rosmarinus officinalis,9,0,0
708,OM5,2013,Stauracanthus genistoides,0,0,0
709,OM5,2013,Thymus mastichina,0,0,0
710,OM5,2013,Ulex australis,2,0,0
711,OM6,2013,Cistus libanotis,4,0,4
712,OM6,2013,Halimium commutatum,9,0,5
713,OM6,2013,Halimium halimifolium,10,0,1
714,OM6,2013,Helichrysum picardii,1,1,0
715,OM6,2013,Juniperus phoenicea,2,0,0
716,OM6,2013,Lavandula stoechas,23,3,15
717,OM6,2013,Rosmarinus officinalis,10,2,1
718,OM6,2013,Stauracanthus genistoides,0,0,0
719,OM6,2013,Thymus mastichina,1,0,1
720,OM6,2013,Ulex australis,4,0,1
721,CM1,2017,Cistus libanotis,7,9,NA
722,CM1,2017,Halimium commutatum,3,0,NA
723,CM1,2017,Halimium halimifolium,6,1,NA
724,CM1,2017,Helichrysum picardii,2,2,NA
725,CM1,2017,Juniperus phoenicea,0,0,NA
726,CM1,2017,Lavandula stoechas,19,2,NA
727,CM1,2017,Rosmarinus officinalis,8,0,NA
728,CM1,2017,Stauracanthus genistoides,0,0,NA
729,CM1,2017,Thymus mastichina,3,0,NA
730,CM1,2017,Ulex australis,0,0,NA
731,CM2,2017,Cistus libanotis,1,1,NA
732,CM2,2017,Halimium commutatum,4,1,NA
733,CM2,2017,Halimium halimifolium,2,0,NA
734,CM2,2017,Helichrysum picardii,0,0,NA
735,CM2,2017,Juniperus phoenicea,1,0,NA
736,CM2,2017,Lavandula stoechas,2,7,NA
737,CM2,2017,Rosmarinus officinalis,8,2,NA
738,CM2,2017,Stauracanthus genistoides,0,0,NA
739,CM2,2017,Thymus mastichina,0,0,NA
740,CM2,2017,Ulex australis,0,0,NA
741,CM3,2017,Cistus libanotis,6,2,NA
742,CM3,2017,Halimium commutatum,0,0,NA
743,CM3,2017,Halimium halimifolium,8,0,NA
744,CM3,2017,Helichrysum picardii,0,0,NA
745,CM3,2017,Juniperus phoenicea,0,0,NA
746,CM3,2017,Lavandula stoechas,6,0,NA
747,CM3,2017,Rosmarinus officinalis,12,1,NA
748,CM3,2017,Stauracanthus genistoides,2,0,NA
749,CM3,2017,Thymus mastichina,0,0,NA
750,CM3,2017,Ulex australis,0,0,NA
751,CM4,2017,Cistus libanotis,0,0,NA
752,CM4,2017,Halimium commutatum,4,1,NA
753,CM4,2017,Halimium halimifolium,3,1,NA
754,CM4,2017,Helichrysum picardii,0,0,NA
755,CM4,2017,Juniperus phoenicea,0,0,NA
756,CM4,2017,Lavandula stoechas,15,1,NA
757,CM4,2017,Rosmarinus officinalis,1,0,NA
758,CM4,2017,Stauracanthus genistoides,3,0,NA
759,CM4,2017,Thymus mastichina,2,0,NA
760,CM4,2017,Ulex australis,10,1,NA
761,CM5,2017,Cistus libanotis,6,0,NA
762,CM5,2017,Halimium commutatum,0,2,NA
763,CM5,2017,Halimium halimifolium,8,0,NA
764,CM5,2017,Helichrysum picardii,0,0,NA
765,CM5,2017,Juniperus phoenicea,0,0,NA
766,CM5,2017,Lavandula stoechas,21,3,NA
767,CM5,2017,Rosmarinus officinalis,2,0,NA
768,CM5,2017,Stauracanthus genistoides,6,0,NA
769,CM5,2017,Thymus mastichina,0,0,NA
770,CM5,2017,Ulex australis,1,0,NA
771,CM6,2017,Cistus libanotis,3,1,NA
772,CM6,2017,Halimium commutatum,2,0,NA
773,CM6,2017,Halimium halimifolium,5,0,NA
774,CM6,2017,Helichrysum picardii,0,0,NA
775,CM6,2017,Juniperus phoenicea,0,2,NA
776,CM6,2017,Lavandula stoechas,17,1,NA
777,CM6,2017,Rosmarinus officinalis,12,0,NA
778,CM6,2017,Stauracanthus genistoides,1,0,NA
779,CM6,2017,Thymus mastichina,3,0,NA
780,CM6,2017,Ulex australis,10,0,NA
781,MM1,2017,Cistus libanotis,19,4,NA
782,MM1,2017,Halimium commutatum,0,1,NA
783,MM1,2017,Halimium halimifolium,0,0,NA
784,MM1,2017,Helichrysum picardii,1,0,NA
785,MM1,2017,Juniperus phoenicea,1,0,NA
786,MM1,2017,Lavandula stoechas,3,0,NA
787,MM1,2017,Rosmarinus officinalis,8,2,NA
788,MM1,2017,Stauracanthus genistoides,0,0,NA
789,MM1,2017,Thymus mastichina,0,0,NA
790,MM1,2017,Ulex australis,0,0,NA
791,MM2,2017,Cistus libanotis,7,4,NA
792,MM2,2017,Halimium commutatum,6,0,NA
793,MM2,2017,Halimium halimifolium,19,0,NA
794,MM2,2017,Helichrysum picardii,3,2,NA
795,MM2,2017,Juniperus phoenicea,0,0,NA
796,MM2,2017,Lavandula stoechas,0,1,NA
797,MM2,2017,Rosmarinus officinalis,5,0,NA
798,MM2,2017,Stauracanthus genistoides,0,0,NA
799,MM2,2017,Thymus mastichina,2,0,NA
800,MM2,2017,Ulex australis,1,0,NA
801,MM3,2017,Cistus libanotis,2,0,NA
802,MM3,2017,Halimium commutatum,5,3,NA
803,MM3,2017,Halimium halimifolium,12,0,NA
804,MM3,2017,Helichrysum picardii,20,2,NA
805,MM3,2017,Juniperus phoenicea,1,0,NA
806,MM3,2017,Lavandula stoechas,0,0,NA
807,MM3,2017,Rosmarinus officinalis,12,3,NA
808,MM3,2017,Stauracanthus genistoides,0,0,NA
809,MM3,2017,Thymus mastichina,0,0,NA
810,MM3,2017,Ulex australis,0,0,NA
811,MM4,2017,Cistus libanotis,1,1,NA
812,MM4,2017,Halimium commutatum,9,3,NA
813,MM4,2017,Halimium halimifolium,27,0,NA
814,MM4,2017,Helichrysum picardii,0,0,NA
815,MM4,2017,Juniperus phoenicea,1,3,NA
816,MM4,2017,Lavandula stoechas,0,0,NA
817,MM4,2017,Rosmarinus officinalis,7,0,NA
818,MM4,2017,Stauracanthus genistoides,0,0,NA
819,MM4,2017,Thymus mastichina,0,0,NA
820,MM4,2017,Ulex australis,0,0,NA
821,MM5,2017,Cistus libanotis,8,6,NA
822,MM5,2017,Halimium commutatum,6,2,NA
823,MM5,2017,Halimium halimifolium,6,0,NA
824,MM5,2017,Helichrysum picardii,0,0,NA
825,MM5,2017,Juniperus phoenicea,0,0,NA
826,MM5,2017,Lavandula stoechas,6,1,NA
827,MM5,2017,Rosmarinus officinalis,39,2,NA
828,MM5,2017,Stauracanthus genistoides,0,0,NA
829,MM5,2017,Thymus mastichina,3,1,NA
830,MM5,2017,Ulex australis,1,0,NA
831,MM6,2017,Cistus libanotis,6,1,NA
832,MM6,2017,Halimium commutatum,6,4,NA
833,MM6,2017,Halimium halimifolium,7,1,NA
834,MM6,2017,Helichrysum picardii,2,0,NA
835,MM6,2017,Juniperus phoenicea,0,0,NA
836,MM6,2017,Lavandula stoechas,3,4,NA
837,MM6,2017,Rosmarinus officinalis,24,5,NA
838,MM6,2017,Stauracanthus genistoides,2,0,NA
839,MM6,2017,Thymus mastichina,0,0,NA
840,MM6,2017,Ulex australis,0,0,NA
841,OM1,2017,Cistus libanotis,8,0,NA
842,OM1,2017,Halimium commutatum,3,7,NA
843,OM1,2017,Halimium halimifolium,0,0,NA
844,OM1,2017,Helichrysum picardii,0,0,NA
845,OM1,2017,Juniperus phoenicea,2,0,NA
846,OM1,2017,Lavandula stoechas,3,5,NA
847,OM1,2017,Rosmarinus officinalis,7,1,NA
848,OM1,2017,Stauracanthus genistoides,0,0,NA
849,OM1,2017,Thymus mastichina,3,0,NA
850,OM1,2017,Ulex australis,0,0,NA
851,OM2,2017,Cistus libanotis,2,0,NA
852,OM2,2017,Halimium commutatum,23,1,NA
853,OM2,2017,Halimium halimifolium,10,0,NA
854,OM2,2017,Helichrysum picardii,0,0,NA
855,OM2,2017,Juniperus phoenicea,1,4,NA
856,OM2,2017,Lavandula stoechas,18,2,NA
857,OM2,2017,Rosmarinus officinalis,1,0,NA
858,OM2,2017,Stauracanthus genistoides,6,1,NA
859,OM2,2017,Thymus mastichina,0,0,NA
860,OM2,2017,Ulex australis,0,0,NA
861,OM3,2017,Cistus libanotis,10,1,NA
862,OM3,2017,Halimium commutatum,2,6,NA
863,OM3,2017,Halimium halimifolium,6,2,NA
864,OM3,2017,Helichrysum picardii,2,0,NA
865,OM3,2017,Juniperus phoenicea,5,0,NA
866,OM3,2017,Lavandula stoechas,11,2,NA
867,OM3,2017,Rosmarinus officinalis,12,1,NA
868,OM3,2017,Stauracanthus genistoides,7,0,NA
869,OM3,2017,Thymus mastichina,0,0,NA
870,OM3,2017,Ulex australis,0,0,NA
871,OM4,2017,Cistus libanotis,13,4,NA
872,OM4,2017,Halimium commutatum,6,6,NA
873,OM4,2017,Halimium halimifolium,2,0,NA
874,OM4,2017,Helichrysum picardii,0,0,NA
875,OM4,2017,Juniperus phoenicea,5,6,NA
876,OM4,2017,Lavandula stoechas,1,3,NA
877,OM4,2017,Rosmarinus officinalis,16,1,NA
878,OM4,2017,Stauracanthus genistoides,0,0,NA
879,OM4,2017,Thymus mastichina,2,0,NA
880,OM4,2017,Ulex australis,0,0,NA
881,OM5,2017,Cistus libanotis,1,0,NA
882,OM5,2017,Halimium commutatum,9,1,NA
883,OM5,2017,Halimium halimifolium,5,0,NA
884,OM5,2017,Helichrysum picardii,0,0,NA
885,OM5,2017,Juniperus phoenicea,1,0,NA
886,OM5,2017,Lavandula stoechas,8,0,NA
887,OM5,2017,Rosmarinus officinalis,17,0,NA
888,OM5,2017,Stauracanthus genistoides,4,0,NA
889,OM5,2017,Thymus mastichina,0,0,NA
890,OM5,2017,Ulex australis,0,0,NA
891,OM6,2017,Cistus libanotis,2,3,NA
892,OM6,2017,Halimium commutatum,7,2,NA
893,OM6,2017,Halimium halimifolium,5,1,NA
894,OM6,2017,Helichrysum picardii,2,0,NA
895,OM6,2017,Juniperus phoenicea,2,1,NA
896,OM6,2017,Lavandula stoechas,12,1,NA
897,OM6,2017,Rosmarinus officinalis,8,0,NA
898,OM6,2017,Stauracanthus genistoides,3,0,NA
899,OM6,2017,Thymus mastichina,0,0,NA
900,OM6,2017,Ulex australis,0,0,NA
901,CM1,2019,Cistus libanotis,14,11,0
902,CM1,2019,Halimium commutatum,2,0,0
903,CM1,2019,Halimium halimifolium,3,0,0
904,CM1,2019,Helichrysum picardii,3,7,0
905,CM1,2019,Juniperus phoenicea,0,0,0
906,CM1,2019,Lavandula stoechas,25,5,5
907,CM1,2019,Rosmarinus officinalis,4,0,0
908,CM1,2019,Stauracanthus genistoides,0,0,0
909,CM1,2019,Thymus mastichina,6,3,1
910,CM1,2019,Ulex australis, ,1,0
911,CM2,2019,Cistus libanotis,2,2,0
912,CM2,2019,Halimium commutatum,3,0,0
913,CM2,2019,Halimium halimifolium,2,1,1
914,CM2,2019,Helichrysum picardii,0,0,0
915,CM2,2019,Juniperus phoenicea,1,0,0
916,CM2,2019,Lavandula stoechas,4,7,9
917,CM2,2019,Rosmarinus officinalis,6,2,1
918,CM2,2019,Stauracanthus genistoides,0,0,0
919,CM2,2019,Thymus mastichina,0,0,2
920,CM2,2019,Ulex australis,0,0,0
921,CM3,2019,Cistus libanotis,7,4,1
922,CM3,2019,Halimium commutatum,2,2,0
923,CM3,2019,Halimium halimifolium,12,1,1
924,CM3,2019,Helichrysum picardii,1,2,1
925,CM3,2019,Juniperus phoenicea,0,0,0
926,CM3,2019,Lavandula stoechas,10,5,0
927,CM3,2019,Rosmarinus officinalis,14,1,0
928,CM3,2019,Stauracanthus genistoides,4,1,5
929,CM3,2019,Thymus mastichina, ,0,0
930,CM3,2019,Ulex australis,0,0,0
931,CM4,2019,Cistus libanotis, ,0,0
932,CM4,2019,Halimium commutatum,15,8,2
933,CM4,2019,Halimium halimifolium,1,3,0
934,CM4,2019,Helichrysum picardii, ,0,0
935,CM4,2019,Juniperus phoenicea,0,0,0
936,CM4,2019,Lavandula stoechas,29,15,16
937,CM4,2019,Rosmarinus officinalis,1,0,0
938,CM4,2019,Stauracanthus genistoides, ,0,0
939,CM4,2019,Thymus mastichina,3,3,2
940,CM4,2019,Ulex australis,13,2,5
941,CM5,2019,Cistus libanotis,9,4,0
942,CM5,2019,Halimium commutatum,2,0,2
943,CM5,2019,Halimium halimifolium,9,4,2
944,CM5,2019,Helichrysum picardii, ,0,0
945,CM5,2019,Juniperus phoenicea,0,0,0
946,CM5,2019,Lavandula stoechas,30,22,20
947,CM5,2019,Rosmarinus officinalis,2,0,1
948,CM5,2019,Stauracanthus genistoides,9,7,9
949,CM5,2019,Thymus mastichina,1,1,0
950,CM5,2019,Ulex australis,1,0,0
951,CM6,2019,Cistus libanotis,8,0,0
952,CM6,2019,Halimium commutatum,5,2,0
953,CM6,2019,Halimium halimifolium,7,0,1
954,CM6,2019,Helichrysum picardii,0,1,0
955,CM6,2019,Juniperus phoenicea,1,0,0
956,CM6,2019,Lavandula stoechas,28,13,2
957,CM6,2019,Rosmarinus officinalis,14,0,0
958,CM6,2019,Stauracanthus genistoides,1,0,0
959,CM6,2019,Thymus mastichina,8,1,0
960,CM6,2019,Ulex australis,11,4,1
961,MM1,2019,Cistus libanotis,22,2,15
962,MM1,2019,Halimium commutatum,4,2,7
963,MM1,2019,Halimium halimifolium,0,0,2
964,MM1,2019,Helichrysum picardii,2,0,0
965,MM1,2019,Juniperus phoenicea,0,0,0
966,MM1,2019,Lavandula stoechas,0,6,17
967,MM1,2019,Rosmarinus officinalis,11,0,0
968,MM1,2019,Stauracanthus genistoides,0,0,0
969,MM1,2019,Thymus mastichina,0,0,0
970,MM1,2019,Ulex australis,0,0,0
971,MM2,2019,Cistus libanotis,9,1,2
972,MM2,2019,Halimium commutatum,7,4,0
973,MM2,2019,Halimium halimifolium,21,0,1
974,MM2,2019,Helichrysum picardii,3,7,0
975,MM2,2019,Juniperus phoenicea,0,0,0
976,MM2,2019,Lavandula stoechas,3,0,1
977,MM2,2019,Rosmarinus officinalis,11,0,0
978,MM2,2019,Stauracanthus genistoides,0,0,0
979,MM2,2019,Thymus mastichina,3,1,0
980,MM2,2019,Ulex australis,1,0,0
981,MM3,2019,Cistus libanotis,2,6,0
982,MM3,2019,Halimium commutatum,3,6,4
983,MM3,2019,Halimium halimifolium,11,2,3
984,MM3,2019,Helichrysum picardii,2,9,5
985,MM3,2019,Juniperus phoenicea,1,0,0
986,MM3,2019,Lavandula stoechas,1,1,1
987,MM3,2019,Rosmarinus officinalis,12,3,0
988,MM3,2019,Stauracanthus genistoides,0,0,0
989,MM3,2019,Thymus mastichina,0,0,0
990,MM3,2019,Ulex australis,0,0,0
991,MM4,2019,Cistus libanotis,1,4,0
992,MM4,2019,Halimium commutatum,19,11,1
993,MM4,2019,Halimium halimifolium,22,0,0
994,MM4,2019,Helichrysum picardii,0,1,0
995,MM4,2019,Juniperus phoenicea,1,3,2
996,MM4,2019,Lavandula stoechas,0,0,0
997,MM4,2019,Rosmarinus officinalis,6,1,0
998,MM4,2019,Stauracanthus genistoides,0,0,0
999,MM4,2019,Thymus mastichina,0,0,0
1000,MM4,2019,Ulex australis,0,0,0
1001,MM5,2019,Cistus libanotis,13,4,1
1002,MM5,2019,Halimium commutatum,5,5,4
1003,MM5,2019,Halimium halimifolium,4,3,3
1004,MM5,2019,Helichrysum picardii,1,0,0
1005,MM5,2019,Juniperus phoenicea,1,0,0
1006,MM5,2019,Lavandula stoechas,6,9,14
1007,MM5,2019,Rosmarinus officinalis,40,8,1
1008,MM5,2019,Stauracanthus genistoides,1,0,1
1009,MM5,2019,Thymus mastichina,1,0,0
1010,MM5,2019,Ulex australis,0,0,0
1011,MM6,2019,Cistus libanotis,9,15,3
1012,MM6,2019,Halimium commutatum,8,11,5
1013,MM6,2019,Halimium halimifolium,9,1,3
1014,MM6,2019,Helichrysum picardii,2,2,0
1015,MM6,2019,Juniperus phoenicea,1,0,0
1016,MM6,2019,Lavandula stoechas,5,6,0
1017,MM6,2019,Rosmarinus officinalis,24,11,0
1018,MM6,2019,Stauracanthus genistoides,2,0,0
1019,MM6,2019,Thymus mastichina,0,2,0
1020,MM6,2019,Ulex australis,0,0,0
1021,OM1,2019,Cistus libanotis,9,5,2
1022,OM1,2019,Halimium commutatum,5,10,1
1023,OM1,2019,Halimium halimifolium,0,3,0
1024,OM1,2019,Helichrysum picardii,0,0,0
1025,OM1,2019,Juniperus phoenicea,1,1,0
1026,OM1,2019,Lavandula stoechas,1,5,10
1027,OM1,2019,Rosmarinus officinalis,6,0,0
1028,OM1,2019,Stauracanthus genistoides,0,0,0
1029,OM1,2019,Thymus mastichina,3,0,1
1030,OM1,2019,Ulex australis,0,0,0
1031,OM2,2019,Cistus libanotis,1,6,0
1032,OM2,2019,Halimium commutatum,14,7,1
1033,OM2,2019,Halimium halimifolium,10,1,0
1034,OM2,2019,Helichrysum picardii,0,0,0
1035,OM2,2019,Juniperus phoenicea,2,3,2
1036,OM2,2019,Lavandula stoechas,14,9,3
1037,OM2,2019,Rosmarinus officinalis,1,0,0
1038,OM2,2019,Stauracanthus genistoides,5,6,1
1039,OM2,2019,Thymus mastichina,0,4,0
1040,OM2,2019,Ulex australis,0,0,0
1041,OM3,2019,Cistus libanotis,5,3,0
1042,OM3,2019,Halimium commutatum,2,2,1
1043,OM3,2019,Halimium halimifolium,4,1,0
1044,OM3,2019,Helichrysum picardii,1,0,0
1045,OM3,2019,Juniperus phoenicea,5,0,0
1046,OM3,2019,Lavandula stoechas,6,17,3
1047,OM3,2019,Rosmarinus officinalis,10,0,0
1048,OM3,2019,Stauracanthus genistoides,6,6,3
1049,OM3,2019,Thymus mastichina,0,0,0
1050,OM3,2019,Ulex australis,0,1,0
1051,OM4,2019,Cistus libanotis,13,10,1
1052,OM4,2019,Halimium commutatum,4,6,2
1053,OM4,2019,Halimium halimifolium,1,0,6
1054,OM4,2019,Helichrysum picardii,0,0,0
1055,OM4,2019,Juniperus phoenicea,2,4,1
1056,OM4,2019,Lavandula stoechas,0,4,1
1057,OM4,2019,Rosmarinus officinalis,16,0,0
1058,OM4,2019,Stauracanthus genistoides,0,0,0
1059,OM4,2019,Thymus mastichina,4,10,2
1060,OM4,2019,Ulex australis,0,0,0
1061,OM5,2019,Cistus libanotis,2,1,0
1062,OM5,2019,Halimium commutatum,6,4,2
1063,OM5,2019,Halimium halimifolium,5,0,0
1064,OM5,2019,Helichrysum picardii,0,0,0
1065,OM5,2019,Juniperus phoenicea,2,0,2
1066,OM5,2019,Lavandula stoechas,9,0,0
1067,OM5,2019,Rosmarinus officinalis,13,0,0
1068,OM5,2019,Stauracanthus genistoides,1,0,3
1069,OM5,2019,Thymus mastichina,0,0,0
1070,OM5,2019,Ulex australis,0,0,0
1071,OM6,2019,Cistus libanotis,3,5,2
1072,OM6,2019,Halimium commutatum,4,2,0
1073,OM6,2019,Halimium halimifolium,5,2,0
1074,OM6,2019,Helichrysum picardii,2,0,0
1075,OM6,2019,Juniperus phoenicea,1,1,0
1076,OM6,2019,Lavandula stoechas,6,2,0
1077,OM6,2019,Rosmarinus officinalis,7,0,1
1078,OM6,2019,Stauracanthus genistoides,1,0,0
1079,OM6,2019,Thymus mastichina,3,1,0
1080,OM6,2019,Ulex australis,0,0,0
1081,CM1,2020,Cistus libanotis,11,7,3
1082,CM1,2020,Halimium commutatum,2,9,10
1083,CM1,2020,Halimium halimifolium,4,1,4
1084,CM1,2020,Helichrysum picardii,6,2,8
1085,CM1,2020,Juniperus phoenicea,0,0,0
1086,CM1,2020,Lavandula stoechas,18,6,44
1087,CM1,2020,Rosmarinus officinalis,7,0,4
1088,CM1,2020,Stauracanthus genistoides,0,0,0
1089,CM1,2020,Thymus mastichina,4,0,0
1090,CM1,2020,Ulex australis,0,0,0
1091,CM2,2020,Cistus libanotis,2,2,5
1092,CM2,2020,Halimium commutatum,3,1,4
1093,CM2,2020,Halimium halimifolium,1,1,3
1094,CM2,2020,Helichrysum picardii,0,0,0
1095,CM2,2020,Juniperus phoenicea,1,0,0
1096,CM2,2020,Lavandula stoechas,4,3,24
1097,CM2,2020,Rosmarinus officinalis,4,3,4
1098,CM2,2020,Stauracanthus genistoides,0,0,0
1099,CM2,2020,Thymus mastichina,0,0,0
1100,CM2,2020,Ulex australis,0,1,0
1101,CM3,2020,Cistus libanotis,6,3,1
1102,CM3,2020,Halimium commutatum,1,0,1
1103,CM3,2020,Halimium halimifolium,9,0,3
1104,CM3,2020,Helichrysum picardii,2,0,0
1105,CM3,2020,Juniperus phoenicea,0,0,0
1106,CM3,2020,Lavandula stoechas,9,4,26
1107,CM3,2020,Rosmarinus officinalis,14,0,2
1108,CM3,2020,Stauracanthus genistoides,3,0,3
1109,CM3,2020,Thymus mastichina,0,0,0
1110,CM3,2020,Ulex australis,0,0,1
1111,CM4,2020,Cistus libanotis,0,0,0
1112,CM4,2020,Halimium commutatum,8,6,4
1113,CM4,2020,Halimium halimifolium,1,1,3
1114,CM4,2020,Helichrysum picardii,0,0,0
1115,CM4,2020,Juniperus phoenicea,0,0,0
1116,CM4,2020,Lavandula stoechas,20,8,88
1117,CM4,2020,Rosmarinus officinalis,1,1,24
1118,CM4,2020,Stauracanthus genistoides,2,0,0
1119,CM4,2020,Thymus mastichina,3,3,2
1120,CM4,2020,Ulex australis,11,0,1
1121,CM5,2020,Cistus libanotis,6,0,10
1122,CM5,2020,Halimium commutatum,1,0,4
1123,CM5,2020,Halimium halimifolium,4,1,11
1124,CM5,2020,Helichrysum picardii,0,0,0
1125,CM5,2020,Juniperus phoenicea,0,0,0
1126,CM5,2020,Lavandula stoechas,21,1,94
1127,CM5,2020,Rosmarinus officinalis,2,0,16
1128,CM5,2020,Stauracanthus genistoides,6,0,14
1129,CM5,2020,Thymus mastichina,1,0,0
1130,CM5,2020,Ulex australis,0,0,0
1131,CM6,2020,Cistus libanotis,3,1,6
1132,CM6,2020,Halimium commutatum,1,0,0
1133,CM6,2020,Halimium halimifolium,4,0,2
1134,CM6,2020,Helichrysum picardii,0,0,0
1135,CM6,2020,Juniperus phoenicea,0,2,0
1136,CM6,2020,Lavandula stoechas,19,4,53
1137,CM6,2020,Rosmarinus officinalis,18,0,10
1138,CM6,2020,Stauracanthus genistoides,0,0,0
1139,CM6,2020,Thymus mastichina,7,1,2
1140,CM6,2020,Ulex australis,9,0,2
1141,MM1,2020,Cistus libanotis,12,3,27
1142,MM1,2020,Halimium commutatum,4,3,4
1143,MM1,2020,Halimium halimifolium,0,0,3
1144,MM1,2020,Helichrysum picardii,2,0,6
1145,MM1,2020,Juniperus phoenicea,1,0,0
1146,MM1,2020,Lavandula stoechas,0,0,18
1147,MM1,2020,Rosmarinus officinalis,12,0,5
1148,MM1,2020,Stauracanthus genistoides,0,0,0
1149,MM1,2020,Thymus mastichina,0,0,0
1150,MM1,2020,Ulex australis,0,0,0
1151,MM2,2020,Cistus libanotis,7,0,0
1152,MM2,2020,Halimium commutatum,8,0,20
1153,MM2,2020,Halimium halimifolium,12,1,31
1154,MM2,2020,Helichrysum picardii,12,3,6
1155,MM2,2020,Juniperus phoenicea,0,0,0
1156,MM2,2020,Lavandula stoechas,4,1,0
1157,MM2,2020,Rosmarinus officinalis,11,0,3
1158,MM2,2020,Stauracanthus genistoides,0,0,0
1159,MM2,2020,Thymus mastichina,4,2,0
1160,MM2,2020,Ulex australis,1,0,0
1161,MM3,2020,Cistus libanotis,1,1,4
1162,MM3,2020,Halimium commutatum,3,5,20
1163,MM3,2020,Halimium halimifolium,10,0,11
1164,MM3,2020,Helichrysum picardii,5,0,2
1165,MM3,2020,Juniperus phoenicea,1,0,0
1166,MM3,2020,Lavandula stoechas,0,0,2
1167,MM3,2020,Rosmarinus officinalis,11,2,21
1168,MM3,2020,Stauracanthus genistoides,0,0,0
1169,MM3,2020,Thymus mastichina,0,0,0
1170,MM3,2020,Ulex australis,0,0,0
1171,MM4,2020,Cistus libanotis,1,6,1
1172,MM4,2020,Halimium commutatum,16,8,14
1173,MM4,2020,Halimium halimifolium,19,0,7
1174,MM4,2020,Helichrysum picardii,0,1,0
1175,MM4,2020,Juniperus phoenicea,0,0,3
1176,MM4,2020,Lavandula stoechas,0,0,0
1177,MM4,2020,Rosmarinus officinalis,7,0,1
1178,MM4,2020,Stauracanthus genistoides,0,0,0
1179,MM4,2020,Thymus mastichina,0,0,0
1180,MM4,2020,Ulex australis,0,0,0
1181,MM5,2020,Cistus libanotis,7,0,3
1182,MM5,2020,Halimium commutatum,0,4,7
1183,MM5,2020,Halimium halimifolium,3,0,1
1184,MM5,2020,Helichrysum picardii,0,0,0
1185,MM5,2020,Juniperus phoenicea,0,0,0
1186,MM5,2020,Lavandula stoechas,6,4,43
1187,MM5,2020,Rosmarinus officinalis,42,4,6
1188,MM5,2020,Stauracanthus genistoides,1,0,0
1189,MM5,2020,Thymus mastichina,1,1,0
1190,MM5,2020,Ulex australis,0,0,0
1191,MM6,2020,Cistus libanotis,10,10,6
1192,MM6,2020,Halimium commutatum,2,11,7
1193,MM6,2020,Halimium halimifolium,8,3,4
1194,MM6,2020,Helichrysum picardii,1,0,1
1195,MM6,2020,Juniperus phoenicea,1,0,0
1196,MM6,2020,Lavandula stoechas,6,2,23
1197,MM6,2020,Rosmarinus officinalis,30,4,4
1198,MM6,2020,Stauracanthus genistoides,2,0,0
1199,MM6,2020,Thymus mastichina,0,0,0
1200,MM6,2020,Ulex australis,0,0,0
1201,OM1,2020,Cistus libanotis,6,3,10
1202,OM1,2020,Halimium commutatum,5,4,7
1203,OM1,2020,Halimium halimifolium,0,1,5
1204,OM1,2020,Helichrysum picardii,0,0,0
1205,OM1,2020,Juniperus phoenicea,2,0,0
1206,OM1,2020,Lavandula stoechas,1,1,15
1207,OM1,2020,Rosmarinus officinalis,6,0,4
1208,OM1,2020,Stauracanthus genistoides,0,0,0
1209,OM1,2020,Thymus mastichina,1,0,9
1210,OM1,2020,Ulex australis,0,0,0
1211,OM2,2020,Cistus libanotis,0,3,5
1212,OM2,2020,Halimium commutatum,14,2,9
1213,OM2,2020,Halimium halimifolium,7,0,6
1214,OM2,2020,Helichrysum picardii,0,0,0
1215,OM2,2020,Juniperus phoenicea,2,0,8
1216,OM2,2020,Lavandula stoechas,13,12,72
1217,OM2,2020,Rosmarinus officinalis,1,0,8
1218,OM2,2020,Stauracanthus genistoides,5,1,2
1219,OM2,2020,Thymus mastichina,1,0,6
1220,OM2,2020,Ulex australis,0,0,0
1221,OM3,2020,Cistus libanotis,0,4,0
1222,OM3,2020,Halimium commutatum,3,1,3
1223,OM3,2020,Halimium halimifolium,3,0,7
1224,OM3,2020,Helichrysum picardii,1,0,0
1225,OM3,2020,Juniperus phoenicea,6,0,2
1226,OM3,2020,Lavandula stoechas,9,0,40
1227,OM3,2020,Rosmarinus officinalis,10,2,9
1228,OM3,2020,Stauracanthus genistoides,6,0,11
1229,OM3,2020,Thymus mastichina,0,0,0
1230,OM3,2020,Ulex australis,0,0,0
1231,OM4,2020,Cistus libanotis,12,4,3
1232,OM4,2020,Halimium commutatum,3,9,2
1233,OM4,2020,Halimium halimifolium,1,1,2
1234,OM4,2020,Helichrysum picardii,0,0,0
1235,OM4,2020,Juniperus phoenicea,4,2,2
1236,OM4,2020,Lavandula stoechas,0,3,1
1237,OM4,2020,Rosmarinus officinalis,19,0,4
1238,OM4,2020,Stauracanthus genistoides,0,0,0
1239,OM4,2020,Thymus mastichina,3,1,0
1240,OM4,2020,Ulex australis,0,0,0
1241,OM5,2020,Cistus libanotis,0,4,5
1242,OM5,2020,Halimium commutatum,5,1,13
1243,OM5,2020,Halimium halimifolium,3,0,1
1244,OM5,2020,Helichrysum picardii,0,0,0
1245,OM5,2020,Juniperus phoenicea,1,0,1
1246,OM5,2020,Lavandula stoechas,8,2,5
1247,OM5,2020,Rosmarinus officinalis,15,2,21
1248,OM5,2020,Stauracanthus genistoides,1,1,2
1249,OM5,2020,Thymus mastichina,0,0,0
1250,OM5,2020,Ulex australis,0,0,0
1251,OM6,2020,Cistus libanotis,4,1,7
1252,OM6,2020,Halimium commutatum,1,2,2
1253,OM6,2020,Halimium halimifolium,3,1,7
1254,OM6,2020,Helichrysum picardii,2,0,0
1255,OM6,2020,Juniperus phoenicea,2,0,0
1256,OM6,2020,Lavandula stoechas,3,6,8
1257,OM6,2020,Rosmarinus officinalis,8,1,8
1258,OM6,2020,Stauracanthus genistoides,1,1,0
1259,OM6,2020,Thymus mastichina,1,0,0
1260,OM6,2020,Ulex australis,0,0,0
1261,CM1,2021,Cistus libanotis,16,4,0
1262,CM1,2021,Halimium commutatum,5,7,15
1263,CM1,2021,Halimium halimifolium,5,2,4
1264,CM1,2021,Helichrysum picardii,5,9,7
1265,CM1,2021,Juniperus phoenicea,0,0,6
1266,CM1,2021,Lavandula stoechas,18,11,12
1267,CM1,2021,Rosmarinus officinalis,5,0,2
1268,CM1,2021,Stauracanthus genistoides,0,0,0
1269,CM1,2021,Thymus mastichina,7,4,3
1270,CM1,2021,Ulex australis,0,0,0
1271,CM2,2021,Cistus libanotis,0,9,5
1272,CM2,2021,Halimium commutatum,4,5,6
1273,CM2,2021,Halimium halimifolium,1,0,3
1274,CM2,2021,Helichrysum picardii,0,0,0
1275,CM2,2021,Juniperus phoenicea,1,0,0
1276,CM2,2021,Lavandula stoechas,4,10,13
1277,CM2,2021,Rosmarinus officinalis,8,3,2
1278,CM2,2021,Stauracanthus genistoides,0,0,0
1279,CM2,2021,Thymus mastichina,0,1,0
1280,CM2,2021,Ulex australis,0,0,1
1281,CM3,2021,Cistus libanotis,6,4,1
1282,CM3,2021,Halimium commutatum,2,1,7
1283,CM3,2021,Halimium halimifolium,12,1,10
1284,CM3,2021,Helichrysum picardii,3,1,0
1285,CM3,2021,Juniperus phoenicea,0,0,1
1286,CM3,2021,Lavandula stoechas,8,10,15
1287,CM3,2021,Rosmarinus officinalis,15,3,1
1288,CM3,2021,Stauracanthus genistoides,3,3,1
1289,CM3,2021,Thymus mastichina,0,0,1
1290,CM3,2021,Ulex australis,0,0,0
1291,CM4,2021,Cistus libanotis,0,0,0
1292,CM4,2021,Halimium commutatum,16,5,15
1293,CM4,2021,Halimium halimifolium,1,5,5
1294,CM4,2021,Helichrysum picardii,0,0,0
1295,CM4,2021,Juniperus phoenicea,0,0,0
1296,CM4,2021,Lavandula stoechas,24,21,33
1297,CM4,2021,Rosmarinus officinalis,4,0,2
1298,CM4,2021,Stauracanthus genistoides,1,0,0
1299,CM4,2021,Thymus mastichina,4,1,0
1300,CM4,2021,Ulex australis,12,3,3
1301,CM5,2021,Cistus libanotis,5,4,6
1302,CM5,2021,Halimium commutatum,2,6,10
1303,CM5,2021,Halimium halimifolium,5,1,21
1304,CM5,2021,Helichrysum picardii,0,0,0
1305,CM5,2021,Juniperus phoenicea,0,0,2
1306,CM5,2021,Lavandula stoechas,28,29,84
1307,CM5,2021,Rosmarinus officinalis,2,0,0
1308,CM5,2021,Stauracanthus genistoides,5,0,3
1309,CM5,2021,Thymus mastichina,1,1,0
1310,CM5,2021,Ulex australis,2,6,12
1311,CM6,2021,Cistus libanotis,5,9,5
1312,CM6,2021,Halimium commutatum,3,1,0
1313,CM6,2021,Halimium halimifolium,5,4,1
1314,CM6,2021,Helichrysum picardii,0,0,0
1315,CM6,2021,Juniperus phoenicea,0,1,2
1316,CM6,2021,Lavandula stoechas,14,47,8
1317,CM6,2021,Rosmarinus officinalis,14,1,0
1318,CM6,2021,Stauracanthus genistoides,1,0,0
1319,CM6,2021,Thymus mastichina,5,9,0
1320,CM6,2021,Ulex australis,8,2,0
1321,MM1,2021,Cistus libanotis,13,14,18
1322,MM1,2021,Halimium commutatum,4,8,20
1323,MM1,2021,Halimium halimifolium,0,2,3
1324,MM1,2021,Helichrysum picardii,2,2,1
1325,MM1,2021,Juniperus phoenicea,1,0,1
1326,MM1,2021,Lavandula stoechas,0,5,2
1327,MM1,2021,Rosmarinus officinalis,8,3,0
1328,MM1,2021,Stauracanthus genistoides,0,0,0
1329,MM1,2021,Thymus mastichina,0,0,0
1330,MM1,2021,Ulex australis,0,0,0
1331,MM2,2021,Cistus libanotis,5,3,0
1332,MM2,2021,Halimium commutatum,5,7,18
1333,MM2,2021,Halimium halimifolium,16,1,6
1334,MM2,2021,Helichrysum picardii,5,3,5
1335,MM2,2021,Juniperus phoenicea,0,0,0
1336,MM2,2021,Lavandula stoechas,3,0,0
1337,MM2,2021,Rosmarinus officinalis,12,1,1
1338,MM2,2021,Stauracanthus genistoides,0,0,0
1339,MM2,2021,Thymus mastichina,5,2,4
1340,MM2,2021,Ulex australis,1,0,1
1341,MM3,2021,Cistus libanotis,1,3,2
1342,MM3,2021,Halimium commutatum,5,9,25
1343,MM3,2021,Halimium halimifolium,7,6,22
1344,MM3,2021,Helichrysum picardii,7,3,5
1345,MM3,2021,Juniperus phoenicea,1,0,14
1346,MM3,2021,Lavandula stoechas,0,5,19
1347,MM3,2021,Rosmarinus officinalis,12,7,22
1348,MM3,2021,Stauracanthus genistoides,0,0,0
1349,MM3,2021,Thymus mastichina,0,0,0
1350,MM3,2021,Ulex australis,0,0,0
1351,MM4,2021,Cistus libanotis,0,3,1
1352,MM4,2021,Halimium commutatum,19,12,16
1353,MM4,2021,Halimium halimifolium,17,0,3
1354,MM4,2021,Helichrysum picardii,0,1,2
1355,MM4,2021,Juniperus phoenicea,0,1,5
1356,MM4,2021,Lavandula stoechas,0,0,0
1357,MM4,2021,Rosmarinus officinalis,8,0,0
1358,MM4,2021,Stauracanthus genistoides,0,0,0
1359,MM4,2021,Thymus mastichina,0,0,0
1360,MM4,2021,Ulex australis,0,0,0
1361,MM5,2021,Cistus libanotis,5,10,9
1362,MM5,2021,Halimium commutatum,5,8,7
1363,MM5,2021,Halimium halimifolium,3,1,6
1364,MM5,2021,Helichrysum picardii,0,0,0
1365,MM5,2021,Juniperus phoenicea,0,0,2
1366,MM5,2021,Lavandula stoechas,6,30,9
1367,MM5,2021,Rosmarinus officinalis,50,12,3
1368,MM5,2021,Stauracanthus genistoides,1,0,0
1369,MM5,2021,Thymus mastichina,1,0,0
1370,MM5,2021,Ulex australis,0,0,0
1371,MM6,2021,Cistus libanotis,9,13,6
1372,MM6,2021,Halimium commutatum,5,29,31
1373,MM6,2021,Halimium halimifolium,11,5,15
1374,MM6,2021,Helichrysum picardii,1,0,5
1375,MM6,2021,Juniperus phoenicea,0,1,4
1376,MM6,2021,Lavandula stoechas,0,12,25
1377,MM6,2021,Rosmarinus officinalis,22,9,5
1378,MM6,2021,Stauracanthus genistoides,1,0,5
1379,MM6,2021,Thymus mastichina,0,3,0
1380,MM6,2021,Ulex australis,0,0,0
1381,OM1,2021,Cistus libanotis,5,3,6
1382,OM1,2021,Halimium commutatum,4,21,12
1383,OM1,2021,Halimium halimifolium,0,7,7
1384,OM1,2021,Helichrysum picardii,0,0,0
1385,OM1,2021,Juniperus phoenicea,2,0,1
1386,OM1,2021,Lavandula stoechas,2,15,7
1387,OM1,2021,Rosmarinus officinalis,7,1,6
1388,OM1,2021,Stauracanthus genistoides,0,0,0
1389,OM1,2021,Thymus mastichina,3,3,6
1390,OM1,2021,Ulex australis,0,0,0
1391,OM2,2021,Cistus libanotis,1,7,10
1392,OM2,2021,Halimium commutatum,13,4,0
1393,OM2,2021,Halimium halimifolium,5,4,5
1394,OM2,2021,Helichrysum picardii,0,0,0
1395,OM2,2021,Juniperus phoenicea,2,1,20
1396,OM2,2021,Lavandula stoechas,11,34,12
1397,OM2,2021,Rosmarinus officinalis,1,2,1
1398,OM2,2021,Stauracanthus genistoides,5,3,3
1399,OM2,2021,Thymus mastichina,1,4,1
1400,OM2,2021,Ulex australis,0,0,0
1401,OM3,2021,Cistus libanotis,4,2,1
1402,OM3,2021,Halimium commutatum,3,5,5
1403,OM3,2021,Halimium halimifolium,3,3,5
1404,OM3,2021,Helichrysum picardii,2,0,0
1405,OM3,2021,Juniperus phoenicea,6,3,8
1406,OM3,2021,Lavandula stoechas,8,18,17
1407,OM3,2021,Rosmarinus officinalis,11,6,6
1408,OM3,2021,Stauracanthus genistoides,6,4,1
1409,OM3,2021,Thymus mastichina,0,0,0
1410,OM3,2021,Ulex australis,0,0,0
1411,OM4,2021,Cistus libanotis,12,15,10
1412,OM4,2021,Halimium commutatum,3,13,8
1413,OM4,2021,Halimium halimifolium,1,4,2
1414,OM4,2021,Helichrysum picardii,0,0,0
1415,OM4,2021,Juniperus phoenicea,2,4,1
1416,OM4,2021,Lavandula stoechas,2,1,7
1417,OM4,2021,Rosmarinus officinalis,14,7,5
1418,OM4,2021,Stauracanthus genistoides,0,0,0
1419,OM4,2021,Thymus mastichina,3,5,3
1420,OM4,2021,Ulex australis,0,0,0
1421,OM5,2021,Cistus libanotis,0,2,4
1422,OM5,2021,Halimium commutatum,5,5,9
1423,OM5,2021,Halimium halimifolium,3,0,2
1424,OM5,2021,Helichrysum picardii,0,0,0
1425,OM5,2021,Juniperus phoenicea,1,0,9
1426,OM5,2021,Lavandula stoechas,6,2,3
1427,OM5,2021,Rosmarinus officinalis,9,1,4
1428,OM5,2021,Stauracanthus genistoides,1,0,0
1429,OM5,2021,Thymus mastichina,0,0,0
1430,OM5,2021,Ulex australis,0,0,0
1431,OM6,2021,Cistus libanotis,4,3,8
1432,OM6,2021,Halimium commutatum,2,7,15
1433,OM6,2021,Halimium halimifolium,2,5,8
1434,OM6,2021,Helichrysum picardii,2,0,0
1435,OM6,2021,Juniperus phoenicea,2,1,4
1436,OM6,2021,Lavandula stoechas,3,2,7
1437,OM6,2021,Rosmarinus officinalis,8,4,7
1438,OM6,2021,Stauracanthus genistoides,0,0,0
1439,OM6,2021,Thymus mastichina,1,2,0
1440,OM6,2021,Ulex australis,0,0,0
1441,CM1,2022,Cistus libanotis,15,0,0
1442,CM1,2022,Halimium commutatum,5,3,1
1443,CM1,2022,Halimium halimifolium,2,1,0
1444,CM1,2022,Helichrysum picardii,6,3,3
1445,CM1,2022,Juniperus phoenicea,0,0,0
1446,CM1,2022,Lavandula stoechas,20,1,25
1447,CM1,2022,Rosmarinus officinalis,7,1,2
1448,CM1,2022,Stauracanthus genistoides,0,0,0
1449,CM1,2022,Thymus mastichina,4,0,0
1450,CM1,2022,Ulex australis,0,0,0
1451,CM2,2022,Cistus libanotis,4,4,0
1452,CM2,2022,Halimium commutatum,4,1,0
1453,CM2,2022,Halimium halimifolium,1,0,0
1454,CM2,2022,Helichrysum picardii,0,0,0
1455,CM2,2022,Juniperus phoenicea,1,0,2
1456,CM2,2022,Lavandula stoechas,4,1,5
1457,CM2,2022,Rosmarinus officinalis,6,1,0
1458,CM2,2022,Stauracanthus genistoides,0,0,0
1459,CM2,2022,Thymus mastichina,0,0,0
1460,CM2,2022,Ulex australis,0,0,0
1461,CM3,2022,Cistus libanotis,5,2,0
1462,CM3,2022,Halimium commutatum,2,0,0
1463,CM3,2022,Halimium halimifolium,12,2,0
1464,CM3,2022,Helichrysum picardii,0,0,0
1465,CM3,2022,Juniperus phoenicea,0,1,0
1466,CM3,2022,Lavandula stoechas,11,1,21
1467,CM3,2022,Rosmarinus officinalis,18,1,1
1468,CM3,2022,Stauracanthus genistoides,3,2,0
1469,CM3,2022,Thymus mastichina,0,0,0
1470,CM3,2022,Ulex australis,0,0,0
1471,CM4,2022,Cistus libanotis,0,0,0
1472,CM4,2022,Halimium commutatum,8,2,1
1473,CM4,2022,Halimium halimifolium,3,1,0
1474,CM4,2022,Helichrysum picardii,0,0,0
1475,CM4,2022,Juniperus phoenicea,0,0,0
1476,CM4,2022,Lavandula stoechas,21,4,28
1477,CM4,2022,Rosmarinus officinalis,3,1,11
1478,CM4,2022,Stauracanthus genistoides,2,0,0
1479,CM4,2022,Thymus mastichina,2,0,0
1480,CM4,2022,Ulex australis,12,0,6
1481,CM5,2022,Cistus libanotis,5,0,0
1482,CM6,2022,Halimium commutatum,3,0,1
1483,CM6,2022,Halimium halimifolium,4,0,0
1484,CM6,2022,Helichrysum picardii,0,0,0
1485,CM6,2022,Juniperus phoenicea,0,1,0
1486,CM6,2022,Lavandula stoechas,16,4,13
1487,CM6,2022,Rosmarinus officinalis,13,0,2
1488,CM6,2022,Stauracanthus genistoides,1,0,0
1489,CM6,2022,Thymus mastichina,7,0,5
1490,CM6,2022,Ulex australis,11,0,2
1491,MM1,2022,Cistus libanotis,13,12,0
1492,MM1,2022,Halimium commutatum,10,0,5
1493,MM1,2022,Halimium halimifolium,0,1,0
1494,MM1,2022,Helichrysum picardii,2,0,0
1495,MM1,2022,Juniperus phoenicea,1,0,0
1496,MM1,2022,Lavandula stoechas,0,2,3
1497,MM1,2022,Rosmarinus officinalis,12,0,2
1498,MM1,2022,Stauracanthus genistoides,0,0,0
1499,MM1,2022,Thymus mastichina,0,0,0
1500,MM1,2022,Ulex australis,0,0,0
1501,MM2,2022,Cistus libanotis,8,1,0
1502,MM2,2022,Halimium commutatum,8,3,4
1503,MM2,2022,Halimium halimifolium,20,0,0
1504,MM2,2022,Helichrysum picardii,9,0,0
1505,MM2,2022,Juniperus phoenicea,0,0,0
1506,MM2,2022,Lavandula stoechas,5,0,3
1507,MM2,2022,Rosmarinus officinalis,7,0,0
1508,MM2,2022,Stauracanthus genistoides,0,0,0
1509,MM2,2022,Thymus mastichina,5,0,0
1510,MM2,2022,Ulex australis,1,0,0
1511,MM3,2022,Cistus libanotis,0,1,0
1512,MM3,2022,Halimium commutatum,3,4,3
1513,MM3,2022,Halimium halimifolium,8,0,1
1514,MM3,2022,Helichrysum picardii,5,3,0
1515,MM3,2022,Juniperus phoenicea,1,0,5
1516,MM3,2022,Lavandula stoechas,0,0,14
1517,MM3,2022,Rosmarinus officinalis,10,1,13
1518,MM3,2022,Stauracanthus genistoides,0,1,1
1519,MM3,2022,Thymus mastichina,0,0,0
1520,MM3,2022,Ulex australis,0,0,0
1521,MM4,2022,Cistus libanotis,3,2,1
1522,MM4,2022,Halimium commutatum,20,12,8
1523,MM4,2022,Halimium halimifolium,17,0,0
1524,MM4,2022,Helichrysum picardii,1,0,0
1525,MM4,2022,Juniperus phoenicea,1,3,1
1526,MM4,2022,Lavandula stoechas,0,0,0
1527,MM4,2022,Rosmarinus officinalis,13,0,0
1528,MM4,2022,Stauracanthus genistoides,0,0,0
1529,MM4,2022,Thymus mastichina,0,0,0
1530,MM4,2022,Ulex australis,0,0,0
1531,MM5,2022,Cistus libanotis,7,3,3
1532,MM5,2022,Halimium commutatum,9,3,5
1533,MM5,2022,Halimium halimifolium,3,0,0
1534,MM5,2022,Helichrysum picardii,0,0,0
1535,MM5,2022,Juniperus phoenicea,0,0,1
1536,MM5,2022,Lavandula stoechas,7,12,8
1537,MM5,2022,Rosmarinus officinalis,52,0,5
1538,MM5,2022,Stauracanthus genistoides,1,0,0
1539,MM5,2022,Thymus mastichina,0,0,0
1540,MM5,2022,Ulex australis,0,0,0
1541,MM6,2022,Cistus libanotis,10,12,2
1542,MM6,2022,Halimium commutatum,12,23,6
1543,MM6,2022,Halimium halimifolium,9,10,0
1544,MM6,2022,Helichrysum picardii,1,0,1
1545,MM6,2022,Juniperus phoenicea,1,1,1
1546,MM6,2022,Lavandula stoechas,6,17,9
1547,MM6,2022,Rosmarinus officinalis,28,1,1
1548,MM6,2022,Stauracanthus genistoides,1,0,2
1549,MM6,2022,Thymus mastichina,1,0,0
1550,MM6,2022,Ulex australis,0,0,0
1551,OM1,2022,Cistus libanotis,8,0,0
1552,OM1,2022,Halimium commutatum,10,11,2
1553,OM1,2022,Halimium halimifolium,1,2,1
1554,OM1,2022,Helichrysum picardii,0,0,0
1555,OM1,2022,Juniperus phoenicea,1,0,0
1556,OM1,2022,Lavandula stoechas,1,6,8
1557,OM1,2022,Rosmarinus officinalis,8,2,4
1558,OM1,2022,Stauracanthus genistoides,0,0,0
1559,OM1,2022,Thymus mastichina,1,1,0
1560,OM1,2022,Ulex australis,0,0,0
1561,OM2,2022,Cistus libanotis,1,16,0
1562,OM2,2022,Halimium commutatum,15,4,0
1563,OM2,2022,Halimium halimifolium,7,5,0
1564,OM2,2022,Helichrysum picardii,0,0,0
1565,OM2,2022,Juniperus phoenicea,2,0,3
1566,OM2,2022,Lavandula stoechas,16,12,32
1567,OM2,2022,Rosmarinus officinalis,0,1,0
1568,OM2,2022,Stauracanthus genistoides,4,0,4
1569,OM2,2022,Thymus mastichina,2,0,0
1570,OM2,2022,Ulex australis,0,0,0
1571,OM3,2022,Cistus libanotis,2,3,0
1572,OM3,2022,Halimium commutatum,4,0,0
1573,OM3,2022,Halimium halimifolium,3,0,1
1574,OM3,2022,Helichrysum picardii,1,0,0
1575,OM3,2022,Juniperus phoenicea,7,2,1
1576,OM3,2022,Lavandula stoechas,8,7,10
1577,OM3,2022,Rosmarinus officinalis,13,6,6
1578,OM3,2022,Stauracanthus genistoides,5,2,10
1579,OM3,2022,Thymus mastichina,0,0,0
1580,OM3,2022,Ulex australis,0,0,0
1581,OM4,2022,Cistus libanotis,15,16,7
1582,OM4,2022,Halimium commutatum,4,17,12
1583,OM4,2022,Halimium halimifolium,0,1,0
1584,OM4,2022,Helichrysum picardii,0,0,0
1585,OM4,2022,Juniperus phoenicea,6,2,3
1586,OM4,2022,Lavandula stoechas,2,1,0
1587,OM4,2022,Rosmarinus officinalis,17,6,55
1588,OM4,2022,Stauracanthus genistoides,0,0,0
1589,OM4,2022,Thymus mastichina,2,3,5
1590,OM4,2022,Ulex australis,0,0,0
1591,OM5,2022,Cistus libanotis,0,0,1
1592,OM5,2022,Halimium commutatum,7,5,3
1593,OM5,2022,Halimium halimifolium,4,0,1
1594,OM5,2022,Helichrysum picardii,0,0,0
1595,OM5,2022,Juniperus phoenicea,1,0,1
1596,OM5,2022,Lavandula stoechas,6,1,34
1597,OM5,2022,Rosmarinus officinalis,11,2,4
1598,OM5,2022,Stauracanthus genistoides,0,1,0
1599,OM5,2022,Thymus mastichina,0,0,1
1600,OM5,2022,Ulex australis,0,0,0
1601,OM6,2022,Cistus libanotis,10,0,4
1602,OM6,2022,Halimium commutatum,1,1,1
1603,OM6,2022,Halimium halimifolium,3,1,1
1604,OM6,2022,Helichrysum picardii,1,0,0
1605,OM6,2022,Juniperus phoenicea,1,1,0
1606,OM6,2022,Lavandula stoechas,2,1,4
1607,OM6,2022,Rosmarinus officinalis,7,6,6
1608,OM6,2022,Stauracanthus genistoides,0,0,0
1609,OM6,2022,Thymus mastichina,0,0,3
1610,OM6,2022,Ulex australis,0,0,0